scrape_date,reit,community,address,market,unit_id,beds,baths,sqft,rent,move_in_date,lease_term,has_concession,concession_hardness,concession_raw,concession_type,concession_value,concession_pct_lease_value,concession_pct_lease_term,effective_monthly_rent,listing_url,first_seen,last_seen,state,city,latitude,longitude,floorplan_name,floor_level,rentcafe_property_id
2026-09-09,EQR,71 Broadway Apartments,"71 Broadway, Manhattan, NY 10006",New York,EQR-71-broadway-apartments-0br-537sqft-014D,0,1.0,537,4319.0,2026-09-29,12,False,,,,,,,,https://www.equityapartments.com/new-york-city/financial-district/71-broadway-apartments,2026-08-02,2026-09-09,NY,Manhattan,40.7074253537472,-74.0119528770447,Studio D,Floor 14,2501
2026-09-09,EQR,71 Broadway Apartments,"71 Broadway, Manhattan, NY 10006",New York,EQR-71-broadway-apartments-0br-537sqft-017D,0,1.0,537,4450.0,2026-09-16,12,False,,,,,,,,https://www.equityapartments.com/new-york-city/financial-district/71-broadway-apartments,2026-08-15,2026-09-09,NY,Manhattan,40.7074253537472,-74.0119528770447,Studio D,Floor 17,2501
2026-09-09,EQR,71 Broadway Apartments,"71 Broadway, Manhattan, NY 10006",New York,EQR-71-broadway-apartments-1br-669sqft-013I,1,1.0,669,5183.0,2026-10-23,12,False,,,,,,,,https://www.equityapartments.com/new-york-city/financial-district/71-broadway-apartments,2026-09-02,2026-09-09,NY,Manhattan,40.7074253537472,-74.0119528770447,1 Bedroom I,Floor 13,2501
2026-09-09,EQR,71 Broadway Apartments,"71 Broadway, Manhattan, NY 10006",New York,EQR-71-broadway-apartments-1br-669sqft-007I,1,1.0,669,5241.0,2026-09-17,12,False,,,,,,,,https://www.equityapartments.com/new-york-city/financial-district/71-broadway-apartments,2026-07-19,2026-09-09,NY,Manhattan,40.7074253537472,-74.0119528770447,1 Bedroom I,Floor 7,2501
2026-09-09,EQR,71 Broadway Apartments,"71 Broadway, Manhattan, NY 10006",New York,EQR-71-broadway-apartments-1br-641sqft-005I,1,1.0,641,5289.0,2026-09-09,12,False,,,,,,,,https://www.equityapartments.com/new-york-city/financial-district/71-broadway-apartments,2026-07-19,2026-09-09,NY,Manhattan,40.7074253537472,-74.0119528770447,1 Bedroom I- Floors 3 & 4,Floor 5,2501
2026-09-09,EQR,71 Broadway Apartments,"71 Broadway, Manhattan, NY 10006",New York,EQR-71-broadway-apartments-1br-669sqft-015I,1,1.0,669,5297.0,2026-09-09,12,False,,,,,,,,https://www.equityapartments.com/new-york-city/financial-district/71-broadway-apartments,2026-08-08,2026-09-09,NY,Manhattan,40.7074253537472,-74.0119528770447,1 Bedroom I,Floor 15,2501
2026-09-09,EQR,71 Broadway Apartments,"71 Broadway, Manhattan, NY 10006",New York,EQR-71-broadway-apartments-1br-669sqft-011H,1,1.0,669,5304.0,2026-10-08,12,False,,,,,,,,https://www.equityapartments.com/new-york-city/financial-district/71-broadway-apartments,2026-08-15,2026-09-09,NY,Manhattan,40.7074253537472,-74.0119528770447,1 Bedroom H,Floor 11,2501
2026-09-09,EQR,71 Broadway Apartments,"71 Broadway, Manhattan, NY 10006",New York,EQR-71-broadway-apartments-2br-1142sqft-013L,2,2.0,1142,6852.0,2026-09-21,12,False,,,,,,,,https://www.equityapartments.com/new-york-city/financial-district/71-broadway-apartments,2026-08-22,2026-09-09,NY,Manhattan,40.7074253537472,-74.0119528770447,2 Bedroom L,Floor 13,2501
2026-09-09,EQR,71 Broadway Apartments,"71 Broadway, Manhattan, NY 10006",New York,EQR-71-broadway-apartments-2br-1219sqft-007A,2,2.0,1219,7117.0,2026-09-10,12,False,,,,,,,,https://www.equityapartments.com/new-york-city/financial-district/71-broadway-apartments,2026-07-19,2026-09-09,NY,Manhattan,40.7074253537472,-74.0119528770447,2 Bedroom A,Floor 7,2501
2026-09-09,EQR,71 Broadway Apartments,"71 Broadway, Manhattan, NY 10006",New York,EQR-71-broadway-apartments-2br-1168sqft-020L,2,2.0,1168,7133.0,2026-10-06,12,False,,,,,,,,https://www.equityapartments.com/new-york-city/financial-district/71-broadway-apartments,2026-09-05,2026-09-09,NY,Manhattan,40.7074253537472,-74.0119528770447,2 Bedroom L,Floor 20,2501
2026-09-09,EQR,Parc East Apartments,"240 East 27th Street, Manhattan, NY 10016",New York,EQR-parc-east-apartments-1br-764sqft-7B,1,1.0,764,5206.0,2026-09-09,12,False,,,,,,,,https://www.equityapartments.com/new-york-city/gramercy-park-murray-hill/parc-east-apartments,2026-07-19,2026-09-09,NY,Manhattan,40.740588,-73.979595,B,Floor 7,2763
2026-09-09,EQR,Parc East Apartments,"240 East 27th Street, Manhattan, NY 10016",New York,EQR-parc-east-apartments-1br-795sqft-25A,1,1.0,795,5215.0,2026-09-09,12,False,,,,,,,,https://www.equityapartments.com/new-york-city/gramercy-park-murray-hill/parc-east-apartments,2026-05-03,2026-09-09,NY,Manhattan,40.740588,-73.979595,A,Floor 25,2763
2026-09-09,EQR,Parc East Apartments,"240 East 27th Street, Manhattan, NY 10016",New York,EQR-parc-east-apartments-1br-626sqft-24N,1,1.0,626,5324.0,2026-09-09,12,False,,,,,,,,https://www.equityapartments.com/new-york-city/gramercy-park-murray-hill/parc-east-apartments,2026-06-08,2026-09-09,NY,Manhattan,40.740588,-73.979595,N,Floor 24,2763
2026-09-09,EQR,Parc East Apartments,"240 East 27th Street, Manhattan, NY 10016",New York,EQR-parc-east-apartments-1br-764sqft-26B,1,1.0,764,5353.0,2026-11-04,12,False,,,,,,,,https://www.equityapartments.com/new-york-city/gramercy-park-murray-hill/parc-east-apartments,2026-08-08,2026-09-09,NY,Manhattan,40.740588,-73.979595,B,Floor 26,2763
2026-09-09,EQR,Parc East Apartments,"240 East 27th Street, Manhattan, NY 10016",New York,EQR-parc-east-apartments-1br-634sqft-27L,1,1.0,634,5456.0,2026-11-05,12,False,,,,,,,,https://www.equityapartments.com/new-york-city/gramercy-park-murray-hill/parc-east-apartments,2026-08-22,2026-09-09,NY,Manhattan,40.740588,-73.979595,L,Floor 27,2763
2026-09-09,EQR,Parc East Apartments,"240 East 27th Street, Manhattan, NY 10016",New York,EQR-parc-east-apartments-1br-764sqft-12B,1,1.0,764,5511.0,2026-10-15,12,False,,,,,,,,https://www.equityapartments.com/new-york-city/gramercy-park-murray-hill/parc-east-apartments,2026-08-02,2026-09-09,NY,Manhattan,40.740588,-73.979595,B,Floor 12,2763
2026-09-09,EQR,Parc East Apartments,"240 East 27th Street, Manhattan, NY 10016",New York,EQR-parc-east-apartments-2br-1041sqft-20C,2,2.0,1041,6884.0,2026-10-29,12,False,,,,,,,,https://www.equityapartments.com/new-york-city/gramercy-park-murray-hill/parc-east-apartments,2026-09-02,2026-09-09,NY,Manhattan,40.740588,-73.979595,C,Floor 20,2763
2026-09-09,EQR,Parc East Apartments,"240 East 27th Street, Manhattan, NY 10016",New York,EQR-parc-east-apartments-2br-1041sqft-12C,2,2.0,1041,6924.0,2026-10-08,12,False,,,,,,,,https://www.equityapartments.com/new-york-city/gramercy-park-murray-hill/parc-east-apartments,2026-08-08,2026-09-09,NY,Manhattan,40.740588,-73.979595,C,Floor 12,2763
2026-09-09,EQR,Parc East Apartments,"240 East 27th Street, Manhattan, NY 10016",New York,EQR-parc-east-apartments-2br-1028sqft-17G,2,1.5,1028,7055.0,2026-10-01,12,False,,,,,,,,https://www.equityapartments.com/new-york-city/gramercy-park-murray-hill/parc-east-apartments,2026-07-19,2026-09-09,NY,Manhattan,40.740588,-73.979595,G,Floor 17,2763
2026-09-09,EQR,Parc East Apartments,"240 East 27th Street, Manhattan, NY 10016",New York,EQR-parc-east-apartments-2br-1028sqft-22G,2,1.5,1028,7160.0,2026-09-23,12,False,,,,,,,,https://www.equityapartments.com/new-york-city/gramercy-park-murray-hill/parc-east-apartments,2026-08-02,2026-09-09,NY,Manhattan,40.740588,-73.979595,G,Floor 22,2763
2026-09-09,EQR,Parc East Apartments,"240 East 27th Street, Manhattan, NY 10016",New York,EQR-parc-east-apartments-2br-1147sqft-26K,2,2.0,1147,7393.0,2026-10-07,12,False,,,,,,,,https://www.equityapartments.com/new-york-city/gramercy-park-murray-hill/parc-east-apartments,2026-08-08,2026-09-09,NY,Manhattan,40.740588,-73.979595,K,Floor 26,2763
2026-09-09,EQR,Parc East Apartments,"240 East 27th Street, Manhattan, NY 10016",New York,EQR-parc-east-apartments-4br-1439sqft-23H,4,2.0,1439,10119.0,2026-11-04,12,False,,,,,,,,https://www.equityapartments.com/new-york-city/gramercy-park-murray-hill/parc-east-apartments,2026-08-22,2026-09-09,NY,Manhattan,40.740588,-73.979595,H,Floor 23,2763
2026-09-09,EQR,Murray Hill Tower Apartments,"245 E. 40th St., Manhattan, NY 10016",New York,EQR-murray-hill-tower-apartments-0br-532sqft-33G,0,1.0,532,4174.0,2026-10-05,12,False,,,,,,,,https://www.equityapartments.com/new-york-city/gramercy-park-murray-hill/murray-hill-tower-apartments,2026-08-08,2026-09-09,NY,Manhattan,40.748902,-73.973275,Studio G,Floor 33,4104
2026-09-09,EQR,Murray Hill Tower Apartments,"245 E. 40th St., Manhattan, NY 10016",New York,EQR-murray-hill-tower-apartments-0br-532sqft-34G,0,1.0,532,4177.0,2026-10-05,12,False,,,,,,,,https://www.equityapartments.com/new-york-city/gramercy-park-murray-hill/murray-hill-tower-apartments,2026-08-02,2026-09-09,NY,Manhattan,40.748902,-73.973275,Studio G,Floor 34,4104
2026-09-09,EQR,Murray Hill Tower Apartments,"245 E. 40th St., Manhattan, NY 10016",New York,EQR-murray-hill-tower-apartments-1br-576sqft-14A,1,1.0,576,5313.0,2026-09-09,12,False,,,,,,,,https://www.equityapartments.com/new-york-city/gramercy-park-murray-hill/murray-hill-tower-apartments,2026-07-19,2026-09-09,NY,Manhattan,40.748902,-73.973275,1 Bedroom A2,Floor 14,4104
2026-09-09,EQR,Murray Hill Tower Apartments,"245 E. 40th St., Manhattan, NY 10016",New York,EQR-murray-hill-tower-apartments-1br-576sqft-32A,1,1.0,576,5459.0,2026-09-23,12,False,,,,,,,,https://www.equityapartments.com/new-york-city/gramercy-park-murray-hill/murray-hill-tower-apartments,2026-04-19,2026-09-09,NY,Manhattan,40.748902,-73.973275,1 Bedroom A2,Floor 32,4104
2026-09-09,EQR,Murray Hill Tower Apartments,"245 E. 40th St., Manhattan, NY 10016",New York,EQR-murray-hill-tower-apartments-1br-576sqft-20A,1,1.0,576,5733.0,2026-11-04,12,False,,,,,,,,https://www.equityapartments.com/new-york-city/gramercy-park-murray-hill/murray-hill-tower-apartments,2026-09-05,2026-09-09,NY,Manhattan,40.748902,-73.973275,1 Bedroom A2,Floor 20,4104
2026-09-09,EQR,Murray Hill Tower Apartments,"245 E. 40th St., Manhattan, NY 10016",New York,EQR-murray-hill-tower-apartments-1br-576sqft-21A,1,1.0,576,5736.0,2026-11-04,12,False,,,,,,,,https://www.equityapartments.com/new-york-city/gramercy-park-murray-hill/murray-hill-tower-apartments,2026-08-15,2026-09-09,NY,Manhattan,40.748902,-73.973275,1 Bedroom A2,Floor 21,4104
2026-09-09,EQR,Murray Hill Tower Apartments,"245 E. 40th St., Manhattan, NY 10016",New York,EQR-murray-hill-tower-apartments-2br-1118sqft-05H,2,2.0,1118,8378.0,2026-10-30,12,False,,,,,,,,https://www.equityapartments.com/new-york-city/gramercy-park-murray-hill/murray-hill-tower-apartments,2026-08-15,2026-09-09,NY,Manhattan,40.748902,-73.973275,2 Bedrooms H,Floor 5,4104
2026-09-09,EQR,Murray Hill Tower Apartments,"245 E. 40th St., Manhattan, NY 10016",New York,EQR-murray-hill-tower-apartments-2br-1137sqft-17E,2,2.0,1137,8732.0,2026-11-02,12,False,,,,,,,,https://www.equityapartments.com/new-york-city/gramercy-park-murray-hill/murray-hill-tower-apartments,2026-08-22,2026-09-09,NY,Manhattan,40.748902,-73.973275,2 Bedroom E,Floor 17,4104
2026-09-09,EQR,Murray Hill Tower Apartments,"245 E. 40th St., Manhattan, NY 10016",New York,EQR-murray-hill-tower-apartments-2br-1118sqft-33H,2,2.0,1118,8924.0,2026-10-19,12,False,,,,,,,,https://www.equityapartments.com/new-york-city/gramercy-park-murray-hill/murray-hill-tower-apartments,2026-08-15,2026-09-09,NY,Manhattan,40.748902,-73.973275,2 Bedrooms H,Floor 33,4104
2026-09-09,EQR,Murray Hill Tower Apartments,"245 E. 40th St., Manhattan, NY 10016",New York,EQR-murray-hill-tower-apartments-2br-1137sqft-30E,2,2.0,1137,8937.0,2026-10-23,12,False,,,,,,,,https://www.equityapartments.com/new-york-city/gramercy-park-murray-hill/murray-hill-tower-apartments,2026-09-02,2026-09-09,NY,Manhattan,40.748902,-73.973275,2 Bedroom E,Floor 30,4104
2026-09-09,EQR,Murray Hill Tower Apartments,"245 E. 40th St., Manhattan, NY 10016",New York,EQR-murray-hill-tower-apartments-2br-1137sqft-33E,2,2.0,1137,8946.0,2026-10-22,12,False,,,,,,,,https://www.equityapartments.com/new-york-city/gramercy-park-murray-hill/murray-hill-tower-apartments,2026-08-15,2026-09-09,NY,Manhattan,40.748902,-73.973275,2 Bedroom E,Floor 33,4104
2026-09-09,EQR,Murray Hill Tower Apartments,"245 E. 40th St., Manhattan, NY 10016",New York,EQR-murray-hill-tower-apartments-2br-1137sqft-10E,2,2.0,1137,9107.0,2026-10-07,12,False,,,,,,,,https://www.equityapartments.com/new-york-city/gramercy-park-murray-hill/murray-hill-tower-apartments,2026-08-15,2026-09-09,NY,Manhattan,40.748902,-73.973275,2 Bedroom E,Floor 10,4104
2026-09-09,EQR,300 East 39th Apartments,"300 E. 39th St., Manhattan, NY 10016",New York,EQR-300-east-39th-apartments-0br-541sqft-04E,0,1.0,541,4213.0,2026-10-07,12,False,,,,,,,,https://www.equityapartments.com/new-york-city/gramercy-park-murray-hill/300-east-39th-apartments,2026-09-02,2026-09-09,NY,Manhattan,40.747525,-73.973125,Studio E,Floor 4,4118
2026-09-09,EQR,300 East 39th Apartments,"300 E. 39th St., Manhattan, NY 10016",New York,EQR-300-east-39th-apartments-0br-511sqft-26B,0,1.0,511,4408.0,2026-10-07,12,False,,,,,,,,https://www.equityapartments.com/new-york-city/gramercy-park-murray-hill/300-east-39th-apartments,2026-08-08,2026-09-09,NY,Manhattan,40.747525,-73.973125,Studio B,Floor 26,4118
2026-09-09,EQR,300 East 39th Apartments,"300 E. 39th St., Manhattan, NY 10016",New York,EQR-300-east-39th-apartments-1br-684sqft-19A,1,1.0,684,5118.0,2026-09-11,12,False,,,,,,,,https://www.equityapartments.com/new-york-city/gramercy-park-murray-hill/300-east-39th-apartments,2026-07-19,2026-09-09,NY,Manhattan,40.747525,-73.973125,1 Bedroom A,Floor 19,4118
2026-09-09,EQR,300 East 39th Apartments,"300 E. 39th St., Manhattan, NY 10016",New York,EQR-300-east-39th-apartments-1br-722sqft-15C,1,1.0,722,5206.0,2026-09-09,12,False,,,,,,,,https://www.equityapartments.com/new-york-city/gramercy-park-murray-hill/300-east-39th-apartments,2026-05-30,2026-09-09,NY,Manhattan,40.747525,-73.973125,1 Bedroom C,Floor 15,4118
2026-09-09,EQR,300 East 39th Apartments,"300 E. 39th St., Manhattan, NY 10016",New York,EQR-300-east-39th-apartments-1br-722sqft-16C,1,1.0,722,5251.0,2026-09-17,12,False,,,,,,,,https://www.equityapartments.com/new-york-city/gramercy-park-murray-hill/300-east-39th-apartments,2026-06-13,2026-09-09,NY,Manhattan,40.747525,-73.973125,1 Bedroom C,Floor 16,4118
2026-09-09,EQR,300 East 39th Apartments,"300 E. 39th St., Manhattan, NY 10016",New York,EQR-300-east-39th-apartments-1br-684sqft-24A,1,1.0,684,5272.0,2026-09-09,12,False,,,,,,,,https://www.equityapartments.com/new-york-city/gramercy-park-murray-hill/300-east-39th-apartments,2026-09-02,2026-09-09,NY,Manhattan,40.747525,-73.973125,1 Bedroom A,Floor 24,4118
2026-09-09,EQR,300 East 39th Apartments,"300 E. 39th St., Manhattan, NY 10016",New York,EQR-300-east-39th-apartments-1br-650sqft-PHH,1,1.0,650,5369.0,2026-09-18,12,False,,,,,,,,https://www.equityapartments.com/new-york-city/gramercy-park-murray-hill/300-east-39th-apartments,2026-07-19,2026-09-09,NY,Manhattan,40.747525,-73.973125,1 Bedrooms H,Penthouse,4118
2026-09-09,EQR,300 East 39th Apartments,"300 E. 39th St., Manhattan, NY 10016",New York,EQR-300-east-39th-apartments-1br-665sqft-26G,1,1.0,665,5585.0,2026-10-23,12,False,,,,,,,,https://www.equityapartments.com/new-york-city/gramercy-park-murray-hill/300-east-39th-apartments,2026-08-22,2026-09-09,NY,Manhattan,40.747525,-73.973125,1 Bedroom G,Floor 26,4118
2026-09-09,EQR,300 East 39th Apartments,"300 E. 39th St., Manhattan, NY 10016",New York,EQR-300-east-39th-apartments-1br-722sqft-PHC,1,1.0,722,5628.0,2026-09-09,12,False,,,,,,,,https://www.equityapartments.com/new-york-city/gramercy-park-murray-hill/300-east-39th-apartments,2026-07-19,2026-09-09,NY,Manhattan,40.747525,-73.973125,1 Bedroom C,Penthouse,4118
2026-09-09,EQR,300 East 39th Apartments,"300 E. 39th St., Manhattan, NY 10016",New York,EQR-300-east-39th-apartments-1br-792sqft-11D,1,1.0,792,5921.0,2026-11-05,12,False,,,,,,,,https://www.equityapartments.com/new-york-city/gramercy-park-murray-hill/300-east-39th-apartments,2026-09-05,2026-09-09,NY,Manhattan,40.747525,-73.973125,1 Bedroom D1,Floor 11,4118
2026-09-09,EQR,300 East 39th Apartments,"300 E. 39th St., Manhattan, NY 10016",New York,EQR-300-east-39th-apartments-1br-792sqft-28D,1,1.0,792,6116.0,2026-11-11,12,False,,,,,,,,https://www.equityapartments.com/new-york-city/gramercy-park-murray-hill/300-east-39th-apartments,2026-09-05,2026-09-09,NY,Manhattan,40.747525,-73.973125,1 Bedroom D1,Floor 28,4118
2026-09-09,EQR,300 East 39th Apartments,"300 E. 39th St., Manhattan, NY 10016",New York,EQR-300-east-39th-apartments-2br-971sqft-16E,2,2.0,971,7449.0,2026-10-29,12,False,,,,,,,,https://www.equityapartments.com/new-york-city/gramercy-park-murray-hill/300-east-39th-apartments,2026-08-22,2026-09-09,NY,Manhattan,40.747525,-73.973125,2 Bedrooms E,Floor 16,4118
2026-09-09,EQR,300 East 39th Apartments,"300 E. 39th St., Manhattan, NY 10016",New York,EQR-300-east-39th-apartments-2br-1033sqft-21H,2,2.0,1033,7799.0,2026-09-09,12,False,,,,,,,,https://www.equityapartments.com/new-york-city/gramercy-park-murray-hill/300-east-39th-apartments,2026-06-13,2026-09-09,NY,Manhattan,40.747525,-73.973125,2 Bedrooms H,Floor 21,4118
2026-09-09,EQR,300 East 39th Apartments,"300 E. 39th St., Manhattan, NY 10016",New York,EQR-300-east-39th-apartments-2br-1033sqft-20H,2,2.0,1033,7929.0,2026-10-19,12,False,,,,,,,,https://www.equityapartments.com/new-york-city/gramercy-park-murray-hill/300-east-39th-apartments,2026-08-15,2026-09-09,NY,Manhattan,40.747525,-73.973125,2 Bedrooms H,Floor 20,4118
2026-09-09,EQR,Hudson Crossing Apartments,"400 West 37th St, Manhattan, NY 10018",New York,EQR-hudson-crossing-apartments-0br-408sqft-7F,0,1.0,408,3756.0,2026-10-07,12,False,,,,,,,,https://www.equityapartments.com/new-york-city/midtown-west/hudson-crossing-apartments,2026-07-19,2026-09-09,NY,Manhattan,40.755303,-73.9949,"Plan F, floors 3-15",Floor 7,2461
2026-09-09,EQR,Hudson Crossing Apartments,"400 West 37th St, Manhattan, NY 10018",New York,EQR-hudson-crossing-apartments-0br-412sqft-7D,0,1.0,412,3766.0,2026-11-11,12,False,,,,,,,,https://www.equityapartments.com/new-york-city/midtown-west/hudson-crossing-apartments,2026-09-02,2026-09-09,NY,Manhattan,40.755303,-73.9949,"Plan D, floors 4-15",Floor 7,2461
2026-09-09,EQR,Hudson Crossing Apartments,"400 West 37th St, Manhattan, NY 10018",New York,EQR-hudson-crossing-apartments-0br-412sqft-12G,0,1.0,412,3832.0,2026-09-30,12,False,,,,,,,,https://www.equityapartments.com/new-york-city/midtown-west/hudson-crossing-apartments,2026-08-15,2026-09-09,NY,Manhattan,40.755303,-73.9949,"Plan G, floors 3-15",Floor 12,2461
2026-09-09,EQR,Hudson Crossing Apartments,"400 West 37th St, Manhattan, NY 10018",New York,EQR-hudson-crossing-apartments-0br-400sqft-14K,0,1.0,400,3895.0,2026-10-22,12,False,,,,,,,,https://www.equityapartments.com/new-york-city/midtown-west/hudson-crossing-apartments,2026-05-09,2026-09-09,NY,Manhattan,40.755303,-73.9949,"Plan K, floors 3-15",Floor 14,2461
2026-09-09,EQR,Hudson Crossing Apartments,"400 West 37th St, Manhattan, NY 10018",New York,EQR-hudson-crossing-apartments-1br-554sqft-8Y,1,1.0,554,4624.0,2026-09-09,12,False,,,,,,,,https://www.equityapartments.com/new-york-city/midtown-west/hudson-crossing-apartments,2026-07-19,2026-09-09,NY,Manhattan,40.755303,-73.9949,"Plan Y, floor 4-10",Floor 8,2461
2026-09-09,EQR,Hudson Crossing Apartments,"400 West 37th St, Manhattan, NY 10018",New York,EQR-hudson-crossing-apartments-1br-679sqft-7W,1,1.0,679,4774.0,2026-09-09,12,False,,,,,,,,https://www.equityapartments.com/new-york-city/midtown-west/hudson-crossing-apartments,2026-09-02,2026-09-09,NY,Manhattan,40.755303,-73.9949,"Plan W, floors 3-10",Floor 7,2461
2026-09-09,EQR,Hudson Crossing Apartments,"400 West 37th St, Manhattan, NY 10018",New York,EQR-hudson-crossing-apartments-2br-989sqft-8R,2,2.0,989,7272.0,2026-10-20,12,False,,,,,,,,https://www.equityapartments.com/new-york-city/midtown-west/hudson-crossing-apartments,2026-08-22,2026-09-09,NY,Manhattan,40.755303,-73.9949,"Plan R, floors 3-10",Floor 8,2461
2026-09-09,EQR,Longacre House Apartments,"305 West 50th Street, Manhattan, NY 10019",New York,EQR-longacre-house-apartments-0br-469sqft-04A,0,1.0,469,3972.0,2026-09-09,12,False,,,,,,,,https://www.equityapartments.com/new-york-city/midtown/longacre-house-apartments,2026-06-13,2026-09-09,NY,Manhattan,40.762352,-73.986258,A 469,Floor 4,3933
2026-09-09,EQR,Longacre House Apartments,"305 West 50th Street, Manhattan, NY 10019",New York,EQR-longacre-house-apartments-0br-574sqft-08B,0,1.0,574,4448.0,2026-09-24,12,False,,,,,,,,https://www.equityapartments.com/new-york-city/midtown/longacre-house-apartments,2026-07-19,2026-09-09,NY,Manhattan,40.762352,-73.986258,B 574,Floor 8,3933
2026-09-09,EQR,Longacre House Apartments,"305 West 50th Street, Manhattan, NY 10019",New York,EQR-longacre-house-apartments-0br-576sqft-15M,0,1.0,576,4454.0,2026-11-14,12,False,,,,,,,,https://www.equityapartments.com/new-york-city/midtown/longacre-house-apartments,2026-09-02,2026-09-09,NY,Manhattan,40.762352,-73.986258,M 576,Floor 15,3933
2026-09-09,EQR,Longacre House Apartments,"305 West 50th Street, Manhattan, NY 10019",New York,EQR-longacre-house-apartments-0br-602sqft-16N,0,1.0,602,4504.0,2026-10-17,12,False,,,,,,,,https://www.equityapartments.com/new-york-city/midtown/longacre-house-apartments,2026-08-22,2026-09-09,NY,Manhattan,40.762352,-73.986258,N 602,Floor 16,3933
2026-09-09,EQR,Longacre House Apartments,"305 West 50th Street, Manhattan, NY 10019",New York,EQR-longacre-house-apartments-1br-671sqft-05J,1,1.0,671,4813.0,2026-10-02,12,False,,,,,,,,https://www.equityapartments.com/new-york-city/midtown/longacre-house-apartments,2026-09-02,2026-09-09,NY,Manhattan,40.762352,-73.986258,C and D 660,Floor 5,3933
2026-09-09,EQR,Longacre House Apartments,"305 West 50th Street, Manhattan, NY 10019",New York,EQR-longacre-house-apartments-1br-666sqft-06E,1,1.0,666,4870.0,2026-09-14,12,False,,,,,,,,https://www.equityapartments.com/new-york-city/midtown/longacre-house-apartments,2026-07-19,2026-09-09,NY,Manhattan,40.762352,-73.986258,C and D 660,Floor 6,3933
2026-09-09,EQR,Longacre House Apartments,"305 West 50th Street, Manhattan, NY 10019",New York,EQR-longacre-house-apartments-1br-660sqft-06D,1,1.0,660,4872.0,2026-10-13,12,False,,,,,,,,https://www.equityapartments.com/new-york-city/midtown/longacre-house-apartments,2026-08-22,2026-09-09,NY,Manhattan,40.762352,-73.986258,C and D 660,Floor 6,3933
2026-09-09,EQR,Longacre House Apartments,"305 West 50th Street, Manhattan, NY 10019",New York,EQR-longacre-house-apartments-1br-681sqft-05H,1,1.0,681,4907.0,2026-10-09,12,False,,,,,,,,https://www.equityapartments.com/new-york-city/midtown/longacre-house-apartments,2026-09-02,2026-09-09,NY,Manhattan,40.762352,-73.986258,G 680,Floor 5,3933
2026-09-09,EQR,Longacre House Apartments,"305 West 50th Street, Manhattan, NY 10019",New York,EQR-longacre-house-apartments-1br-737sqft-03K,1,1.0,737,5072.0,2026-09-09,12,False,,,,,,,,https://www.equityapartments.com/new-york-city/midtown/longacre-house-apartments,2026-06-22,2026-09-09,NY,Manhattan,40.762352,-73.986258,K 737,Floor 3,3933
2026-09-09,EQR,Longacre House Apartments,"305 West 50th Street, Manhattan, NY 10019",New York,EQR-longacre-house-apartments-1br-662sqft-21E,1,1.0,662,5078.0,2026-10-23,12,False,,,,,,,,https://www.equityapartments.com/new-york-city/midtown/longacre-house-apartments,2026-08-02,2026-09-09,NY,Manhattan,40.762352,-73.986258,E 662,Floor 21,3933
2026-09-09,EQR,Longacre House Apartments,"305 West 50th Street, Manhattan, NY 10019",New York,EQR-longacre-house-apartments-1br-681sqft-12H,1,1.0,681,5085.0,2026-10-08,12,False,,,,,,,,https://www.equityapartments.com/new-york-city/midtown/longacre-house-apartments,2026-09-05,2026-09-09,NY,Manhattan,40.762352,-73.986258,G 680,Floor 12,3933
2026-09-09,EQR,Longacre House Apartments,"305 West 50th Street, Manhattan, NY 10019",New York,EQR-longacre-house-apartments-1br-665sqft-24D,1,1.0,665,5149.0,2026-10-05,12,False,,,,,,,,https://www.equityapartments.com/new-york-city/midtown/longacre-house-apartments,2026-07-19,2026-09-09,NY,Manhattan,40.762352,-73.986258,C and D 660,Floor 24,3933
2026-09-09,EQR,Longacre House Apartments,"305 West 50th Street, Manhattan, NY 10019",New York,EQR-longacre-house-apartments-1br-680sqft-21G,1,1.0,680,5167.0,2026-09-14,12,False,,,,,,,,https://www.equityapartments.com/new-york-city/midtown/longacre-house-apartments,2026-06-08,2026-09-09,NY,Manhattan,40.762352,-73.986258,G 680,Floor 21,3933
2026-09-09,EQR,Longacre House Apartments,"305 West 50th Street, Manhattan, NY 10019",New York,EQR-longacre-house-apartments-1br-665sqft-25D,1,1.0,665,5170.0,2026-09-11,12,False,,,,,,,,https://www.equityapartments.com/new-york-city/midtown/longacre-house-apartments,2026-07-19,2026-09-09,NY,Manhattan,40.762352,-73.986258,C and D 660,Floor 25,3933
2026-09-09,EQR,Longacre House Apartments,"305 West 50th Street, Manhattan, NY 10019",New York,EQR-longacre-house-apartments-1br-718sqft-11C,1,1.0,718,5176.0,2026-09-09,12,False,,,,,,,,https://www.equityapartments.com/new-york-city/midtown/longacre-house-apartments,2026-06-08,2026-09-09,NY,Manhattan,40.762352,-73.986258,C 718,Floor 11,3933
2026-09-09,EQR,Longacre House Apartments,"305 West 50th Street, Manhattan, NY 10019",New York,EQR-longacre-house-apartments-1br-737sqft-02K,1,1.0,737,5712.0,2026-11-10,12,False,,,,,,,,https://www.equityapartments.com/new-york-city/midtown/longacre-house-apartments,2026-08-22,2026-09-09,NY,Manhattan,40.762352,-73.986258,K 737,Floor 2,3933
2026-09-09,EQR,Longacre House Apartments,"305 West 50th Street, Manhattan, NY 10019",New York,EQR-longacre-house-apartments-1br-662sqft-26E,1,1.0,662,5819.0,2026-09-09,12,False,,,,,,,,https://www.equityapartments.com/new-york-city/midtown/longacre-house-apartments,2026-04-04,2026-09-09,NY,Manhattan,40.762352,-73.986258,E 662 with Rooftop Terrace,Penthouse,3933
2026-09-09,EQR,Longacre House Apartments,"305 West 50th Street, Manhattan, NY 10019",New York,EQR-longacre-house-apartments-2br-1034sqft-22F,2,2.0,1034,6751.0,2026-11-13,12,False,,,,,,,,https://www.equityapartments.com/new-york-city/midtown/longacre-house-apartments,2026-09-05,2026-09-09,NY,Manhattan,40.762352,-73.986258,F 1034,Floor 22,3933
2026-09-09,EQR,Longacre House Apartments,"305 West 50th Street, Manhattan, NY 10019",New York,EQR-longacre-house-apartments-2br-1097sqft-19B,2,2.0,1097,6891.0,2026-10-19,12,False,,,,,,,,https://www.equityapartments.com/new-york-city/midtown/longacre-house-apartments,2026-08-22,2026-09-09,NY,Manhattan,40.762352,-73.986258,B 1097,Floor 19,3933
2026-09-09,EQR,Longacre House Apartments,"305 West 50th Street, Manhattan, NY 10019",New York,EQR-longacre-house-apartments-2br-1097sqft-24B,2,2.0,1097,6932.0,2026-10-17,12,False,,,,,,,,https://www.equityapartments.com/new-york-city/midtown/longacre-house-apartments,2026-08-22,2026-09-09,NY,Manhattan,40.762352,-73.986258,B 1097,Floor 24,3933
2026-09-09,EQR,Mantena Apartments,"431 W 37th Street, Manhattan, NY 10018",New York,EQR-mantena-apartments-0br-513sqft-4C,0,1.0,513,4360.0,2026-09-14,12,False,,,,,,,,https://www.equityapartments.com/new-york-city/midtown-west/mantena-apartments,2026-05-09,2026-09-09,NY,Manhattan,40.756101,-73.99624,Studio CB,Floor 4,4045
2026-09-09,EQR,West 54th Apartments,"505 W. 54th St., Manhattan, NY 10019",New York,EQR-west-54th-apartments-0br-493sqft-0727,0,1.0,493,3986.0,2026-11-04,12,False,,,,,,,,https://www.equityapartments.com/new-york-city/midtown/west-54th-apartments,2026-09-02,2026-09-09,NY,Manhattan,40.7671,-73.9904,Studio B,Floor 7,4119
2026-09-09,EQR,West 54th Apartments,"505 W. 54th St., Manhattan, NY 10019",New York,EQR-west-54th-apartments-0br-550sqft-0415,0,1.0,550,4028.0,2026-11-16,12,False,,,,,,,,https://www.equityapartments.com/new-york-city/midtown/west-54th-apartments,2026-09-05,2026-09-09,NY,Manhattan,40.7671,-73.9904,Studio F,Floor 4,4119
2026-09-09,EQR,West 54th Apartments,"505 W. 54th St., Manhattan, NY 10019",New York,EQR-west-54th-apartments-1br-631sqft-0601,1,1.0,631,4778.0,2026-09-09,12,False,,,,,,,,https://www.equityapartments.com/new-york-city/midtown/west-54th-apartments,2026-07-19,2026-09-09,NY,Manhattan,40.7671,-73.9904,1 Bedroom F,Floor 6,4119
2026-09-09,EQR,West 54th Apartments,"505 W. 54th St., Manhattan, NY 10019",New York,EQR-west-54th-apartments-1br-659sqft-0815,1,1.0,659,5291.0,2026-09-09,12,False,,,,,,,,https://www.equityapartments.com/new-york-city/midtown/west-54th-apartments,2026-08-22,2026-09-09,NY,Manhattan,40.7671,-73.9904,1 Bedroom M,Floor 8,4119
2026-09-09,EQR,West 54th Apartments,"505 W. 54th St., Manhattan, NY 10019",New York,EQR-west-54th-apartments-2br-1020sqft-0103,2,2.0,1020,7328.0,2026-11-19,12,False,,,,,,,,https://www.equityapartments.com/new-york-city/midtown/west-54th-apartments,2026-09-05,2026-09-09,NY,Manhattan,40.7671,-73.9904,2 Bedrooms H,Floor 1,4119
2026-09-09,EQR,777 6th Avenue Apartments,"777 6th Avenue, Manhattan, NY 10001",New York,EQR-777-6th-avenue-apartments-0br-530sqft-27A,0,1.0,530,4805.0,2026-09-14,12,False,,,,,,,,https://www.equityapartments.com/new-york-city/chelsea/777-6th-avenue-apartments,2026-05-09,2026-09-09,NY,Manhattan,40.744981,-73.991288,Unit AP,Floor 27,3911
2026-09-09,EQR,777 6th Avenue Apartments,"777 6th Avenue, Manhattan, NY 10001",New York,EQR-777-6th-avenue-apartments-0br-530sqft-21A,0,1.0,530,4819.0,2026-11-13,12,False,,,,,,,,https://www.equityapartments.com/new-york-city/chelsea/777-6th-avenue-apartments,2026-09-02,2026-09-09,NY,Manhattan,40.744981,-73.991288,Unit AP,Floor 21,3911
2026-09-09,EQR,777 6th Avenue Apartments,"777 6th Avenue, Manhattan, NY 10001",New York,EQR-777-6th-avenue-apartments-0br-525sqft-20B,0,1.0,525,4998.0,2026-09-09,12,False,,,,,,,,https://www.equityapartments.com/new-york-city/chelsea/777-6th-avenue-apartments,2026-05-23,2026-09-09,NY,Manhattan,40.744981,-73.991288,Unit BP,Floor 20,3911
2026-09-09,EQR,777 6th Avenue Apartments,"777 6th Avenue, Manhattan, NY 10001",New York,EQR-777-6th-avenue-apartments-0br-530sqft-32A,0,1.0,530,5068.0,2026-10-09,12,False,,,,,,,,https://www.equityapartments.com/new-york-city/chelsea/777-6th-avenue-apartments,2026-08-10,2026-09-09,NY,Manhattan,40.744981,-73.991288,Unit AP,Floor 32,3911
2026-09-09,EQR,777 6th Avenue Apartments,"777 6th Avenue, Manhattan, NY 10001",New York,EQR-777-6th-avenue-apartments-0br-525sqft-28B,0,1.0,525,5068.0,2026-11-02,12,False,,,,,,,,https://www.equityapartments.com/new-york-city/chelsea/777-6th-avenue-apartments,2026-08-02,2026-09-09,NY,Manhattan,40.744981,-73.991288,Unit BP,Floor 28,3911
2026-09-09,EQR,777 6th Avenue Apartments,"777 6th Avenue, Manhattan, NY 10001",New York,EQR-777-6th-avenue-apartments-1br-761sqft-4C,1,1.0,761,6178.0,2026-11-02,12,False,,,,,,,,https://www.equityapartments.com/new-york-city/chelsea/777-6th-avenue-apartments,2026-09-02,2026-09-09,NY,Manhattan,40.744981,-73.991288,Unit C,Floor 4,3911
2026-09-09,EQR,777 6th Avenue Apartments,"777 6th Avenue, Manhattan, NY 10001",New York,EQR-777-6th-avenue-apartments-1br-731sqft-3E,1,1.0,731,6313.0,2026-10-01,12,False,,,,,,,,https://www.equityapartments.com/new-york-city/chelsea/777-6th-avenue-apartments,2026-07-19,2026-09-09,NY,Manhattan,40.744981,-73.991288,Unit E,Floor 3,3911
2026-09-09,EQR,777 6th Avenue Apartments,"777 6th Avenue, Manhattan, NY 10001",New York,EQR-777-6th-avenue-apartments-1br-620sqft-21F,1,1.0,620,6390.0,2026-10-05,12,False,,,,,,,,https://www.equityapartments.com/new-york-city/chelsea/777-6th-avenue-apartments,2026-08-08,2026-09-09,NY,Manhattan,40.744981,-73.991288,Unit F6-32,Floor 21,3911
2026-09-09,EQR,777 6th Avenue Apartments,"777 6th Avenue, Manhattan, NY 10001",New York,EQR-777-6th-avenue-apartments-1br-620sqft-20F,1,1.0,620,6426.0,2026-10-14,12,False,,,,,,,,https://www.equityapartments.com/new-york-city/chelsea/777-6th-avenue-apartments,2026-08-08,2026-09-09,NY,Manhattan,40.744981,-73.991288,Unit F6-32,Floor 20,3911
2026-09-09,EQR,777 6th Avenue Apartments,"777 6th Avenue, Manhattan, NY 10001",New York,EQR-777-6th-avenue-apartments-1br-641sqft-27D,1,1.0,641,6451.0,2026-09-09,12,False,,,,,,,,https://www.equityapartments.com/new-york-city/chelsea/777-6th-avenue-apartments,2026-07-19,2026-09-09,NY,Manhattan,40.744981,-73.991288,Unit D7-32,Floor 27,3911
2026-09-09,EQR,777 6th Avenue Apartments,"777 6th Avenue, Manhattan, NY 10001",New York,EQR-777-6th-avenue-apartments-1br-651sqft-31G,1,1.0,651,6602.0,2026-09-30,12,False,,,,,,,,https://www.equityapartments.com/new-york-city/chelsea/777-6th-avenue-apartments,2026-07-19,2026-09-09,NY,Manhattan,40.744981,-73.991288,"Unit G4-5, 7-32",Floor 31,3911
2026-09-09,EQR,777 6th Avenue Apartments,"777 6th Avenue, Manhattan, NY 10001",New York,EQR-777-6th-avenue-apartments-1br-651sqft-32G,1,1.0,651,6659.0,2026-09-09,12,False,,,,,,,,https://www.equityapartments.com/new-york-city/chelsea/777-6th-avenue-apartments,2026-08-08,2026-09-09,NY,Manhattan,40.744981,-73.991288,"Unit G4-5, 7-32",Floor 32,3911
2026-09-09,EQR,777 6th Avenue Apartments,"777 6th Avenue, Manhattan, NY 10001",New York,EQR-777-6th-avenue-apartments-2br-1086sqft-15C,2,2.0,1086,8803.0,2026-09-09,12,False,,,,,,,,https://www.equityapartments.com/new-york-city/chelsea/777-6th-avenue-apartments,2026-07-19,2026-09-09,NY,Manhattan,40.744981,-73.991288,Unit C7-32,Floor 15,3911
2026-09-09,EQR,777 6th Avenue Apartments,"777 6th Avenue, Manhattan, NY 10001",New York,EQR-777-6th-avenue-apartments-2br-1086sqft-25C,2,2.0,1086,9010.0,2026-09-09,12,False,,,,,,,,https://www.equityapartments.com/new-york-city/chelsea/777-6th-avenue-apartments,2026-06-13,2026-09-09,NY,Manhattan,40.744981,-73.991288,Unit C7-32,Floor 25,3911
2026-09-09,EQR,777 6th Avenue Apartments,"777 6th Avenue, Manhattan, NY 10001",New York,EQR-777-6th-avenue-apartments-2br-1086sqft-6C,2,2.0,1086,9122.0,2026-09-11,12,False,,,,,,,,https://www.equityapartments.com/new-york-city/chelsea/777-6th-avenue-apartments,2026-07-19,2026-09-09,NY,Manhattan,40.744981,-73.991288,Unit C6,Floor 6,3911
2026-09-09,EQR,777 6th Avenue Apartments,"777 6th Avenue, Manhattan, NY 10001",New York,EQR-777-6th-avenue-apartments-3br-1592sqft-2A,3,2.0,1592,12750.0,2026-09-09,12,False,,,,,,,,https://www.equityapartments.com/new-york-city/chelsea/777-6th-avenue-apartments,2026-07-19,2026-09-09,NY,Manhattan,40.744981,-73.991288,Unit 2A,Floor 2,3911
2026-09-09,EQR,Ten23 Apartments,"500 West 23rd Street, Manhattan, NY 10011",New York,EQR-ten23-apartments-0br-475sqft-04C,0,1.0,475,4814.0,2026-09-09,12,False,,,,,,,,https://www.equityapartments.com/new-york-city/chelsea/ten23-apartments,2026-08-02,2026-09-09,NY,Manhattan,40.7476825693401,-74.0042117324961,C Floor 2-7,Floor 4,4015
2026-09-09,EQR,Ten23 Apartments,"500 West 23rd Street, Manhattan, NY 10011",New York,EQR-ten23-apartments-0br-488sqft-06F,0,1.0,488,5010.0,2026-09-09,12,False,,,,,,,,https://www.equityapartments.com/new-york-city/chelsea/ten23-apartments,2026-07-19,2026-09-09,NY,Manhattan,40.7476825693401,-74.0042117324961,F Floor 3-7,Floor 6,4015
2026-09-09,EQR,Ten23 Apartments,"500 West 23rd Street, Manhattan, NY 10011",New York,EQR-ten23-apartments-0br-500sqft-09H,0,1.0,500,5020.0,2026-10-08,12,False,,,,,,,,https://www.equityapartments.com/new-york-city/chelsea/ten23-apartments,2026-08-08,2026-09-09,NY,Manhattan,40.7476825693401,-74.0042117324961,L-I-H,Floor 9,4015
2026-09-09,EQR,Ten23 Apartments,"500 West 23rd Street, Manhattan, NY 10011",New York,EQR-ten23-apartments-1br-642sqft-04E,1,1.0,642,6401.0,2026-11-05,12,False,,,,,,,,https://www.equityapartments.com/new-york-city/chelsea/ten23-apartments,2026-09-05,2026-09-09,NY,Manhattan,40.7476825693401,-74.0042117324961,E,Floor 4,4015
2026-09-09,EQR,Ten23 Apartments,"500 West 23rd Street, Manhattan, NY 10011",New York,EQR-ten23-apartments-2br-977sqft-08D,2,2.0,977,8876.0,2026-09-15,12,False,,,,,,,,https://www.equityapartments.com/new-york-city/chelsea/ten23-apartments,2026-09-02,2026-09-09,NY,Manhattan,40.7476825693401,-74.0042117324961,3D - 8D,Floor 8,4015
2026-09-09,EQR,Beatrice Apartments,"105 W 29th Street, Manhattan, NY 10001",New York,EQR-beatrice-apartments-0br-434sqft-39B,0,1.0,434,5020.0,2026-11-04,12,False,,,,,,,,https://www.equityapartments.com/new-york-city/chelsea/beatrice-apartments,2026-08-08,2026-09-09,NY,Manhattan,40.746779,-73.990335,Studio B,Floor 39,4039
2026-09-09,EQR,Beatrice Apartments,"105 W 29th Street, Manhattan, NY 10001",New York,EQR-beatrice-apartments-0br-490sqft-29A,0,1.0,490,5132.0,2026-11-11,12,False,,,,,,,,https://www.equityapartments.com/new-york-city/chelsea/beatrice-apartments,2026-04-26,2026-09-09,NY,Manhattan,40.746779,-73.990335,Studio A,Floor 29,4039
2026-09-09,EQR,Beatrice Apartments,"105 W 29th Street, Manhattan, NY 10001",New York,EQR-beatrice-apartments-0br-515sqft-29G,0,1.0,515,5340.0,2026-10-19,12,False,,,,,,,,https://www.equityapartments.com/new-york-city/chelsea/beatrice-apartments,2026-04-04,2026-09-09,NY,Manhattan,40.746779,-73.990335,Studio G,Floor 29,4039
2026-09-09,EQR,Beatrice Apartments,"105 W 29th Street, Manhattan, NY 10001",New York,EQR-beatrice-apartments-0br-478sqft-39H,0,1.0,478,5447.0,2026-09-09,12,False,,,,,,,,https://www.equityapartments.com/new-york-city/chelsea/beatrice-apartments,2026-08-15,2026-09-09,NY,Manhattan,40.746779,-73.990335,Studio H,Floor 39,4039
2026-09-09,EQR,Beatrice Apartments,"105 W 29th Street, Manhattan, NY 10001",New York,EQR-beatrice-apartments-0br-619sqft-40F,0,1.0,619,5752.0,2026-09-09,12,False,,,,,,,,https://www.equityapartments.com/new-york-city/chelsea/beatrice-apartments,2026-07-19,2026-09-09,NY,Manhattan,40.746779,-73.990335,Studio F,Floor 40,4039
2026-09-09,EQR,Beatrice Apartments,"105 W 29th Street, Manhattan, NY 10001",New York,EQR-beatrice-apartments-2br-1113sqft-50D,2,2.0,1113,11638.0,2026-10-28,12,False,,,,,,,,https://www.equityapartments.com/new-york-city/chelsea/beatrice-apartments,2026-09-09,2026-09-09,NY,Manhattan,40.746779,-73.990335,2 Bedroom D.2,Floor 50,4039
